Chr;left;right;extrusion_0h;extrusion_2;extrusion_5h;extrusion_8h;mean_extrusion
chr1;175;186;0;0;0;0;0
chr1;200;208;0;1;3;1;1
chr1;193;208;3;3;3;3;3
chr1;281;292;0;0;0;0;0
chr1;305;313;0;0;0;0;0
chr1;445;452;0;1;1;0;1
chr1;584;593;0;0;0;0;0
chr1;606;614;2;3;3;3;2
chr1;629;636;0;0;0;0;0
chr1;624;636;0;1;3;0;1
chr1;648;657;0;0;0;0;0
chr1;659;665;0;0;2;0;0
chr1;665;672;0;1;1;0;1
chr1;703;713;0;0;0;0;0
chr1;724;731;2;2;2;0;2
chr1;742;752;2;2;2;2;2
chr1;833;844;0;0;2;0;0
chr1;1071;1079;0;0;0;0;0
chr1;1084;1090;0;0;0;0;0
chr1;1102;1125;0;0;0;0;0
chr1;1140;1148;0;0;0;0;0
chr1;1149;1156;0;3;1;1;1
chr1;1290;1304;0;0;0;0;0
chr1;1321;1328;0;0;0;0;0
chr1;1304;1316;1;0;1;1;1
chr1;1371;1380;0;0;0;0;0
chr1;1383;1391;0;0;0;0;0
chr1;1395;1407;0;0;0;0;0
chr1;1439;1449;0;3;3;3;3
chr1;1638;1644;0;0;0;0;0
chr1;1670;1677;0;0;0;0;0
chr1;1715;1726;2;2;2;0;2
chr1;1842;1848;0;0;0;0;0
chr1;1838;1848;2;0;0;0;0
chr1;1894;1906;0;0;0;0;0
chr1;1906;1912;0;0;0;0;0
chr1;1913;1924;0;0;0;0;0
chr1;1924;1932;3;3;3;3;3
chr1;1943;1952;0;0;2;0;0
chr1;1939;1952;0;0;2;2;0
chr1;1953;1962;0;0;2;2;0
chr1;1966;1972;0;0;0;0;0
chr1;1989;1997;0;0;0;0;0
chr1;1982;1997;0;0;0;0;0
chr1;2005;2019;0;0;2;2;2
chr1;2019;2027;0;0;0;0;0
chr1;2031;2037;0;1;0;0;0
chr1;2010;2018;0;0;0;0;0
chr1;2100;2108;0;0;0;0;0
chr1;2110;2124;2;0;2;2;2
chr1;2124;2133;0;0;0;0;0
chr1;2221;2235;0;0;0;0;0
chr1;2244;2250;0;0;0;0;0
chr1;2311;2319;1;1;1;1;1
chr1;2368;2376;0;1;0;1;1
chr1;2377;2385;0;2;0;0;0
chr1;2401;2405;0;0;0;0;0
chr2;50;59;2;2;2;2;2
chr2;78;85;0;0;0;1;0
chr2;74;85;0;0;0;0;0
chr2;114;126;0;0;0;0;0
chr2;146;154;0;0;1;1;1
chr2;209;222;2;3;3;3;3
chr2;205;223;0;1;0;0;0
chr2;214;223;0;0;0;0;0
chr2;227;243;0;0;0;0;0
chr2;297;309;2;0;0;0;2
chr2;309;325;0;1;0;1;0
chr2;383;400;0;0;0;0;0
chr2;406;417;1;1;1;1;1
chr2;522;527;0;0;0;0;0
chr2;528;536;2;2;2;2;2
chr2;536;544;0;0;0;0;0
chr2;548;561;0;1;0;0;0
chr2;566;573;0;1;1;0;1
chr2;561;573;0;0;0;0;0
chr2;566;579;0;1;1;0;1
chr2;604;618;0;0;0;0;0
chr2;625;630;0;0;0;0;0
chr2;630;640;0;1;0;2;1
chr2;663;670;0;0;0;0;0
chr2;670;681;1;0;0;0;0
chr2;682;690;0;0;0;0;0
chr2;696;704;0;2;2;2;2
chr2;712;722;0;0;0;0;0
chr2;821;832;0;0;0;0;0
chr2;940;951;0;1;0;0;0
chr2;990;1005;0;0;0;0;0
chr2;1046;1054;0;1;0;0;0
chr2;1053;1062;0;0;1;1;0
chr2;1062;1074;2;2;2;2;2
chr2;1074;1083;0;0;1;0;0
chr2;1087;1099;0;0;0;0;0
chr2;1908;1914;0;0;0;0;0
chr2;1914;1925;1;1;0;1;1
chr2;1923;1936;0;0;0;0;0
chr2;1946;1955;0;0;0;0;0
chr2;1990;2000;0;0;0;0;0
chr2;2001;2017;0;0;0;0;0
chr2;2153;2166;0;0;0;0;0
chr2;2210;2218;1;1;0;0;0
chr2;2218;2228;0;0;0;0;0
chr2;2287;2296;0;2;2;0;2
chr2;2395;2403;0;0;0;0;0
chr2;2392;2404;0;2;2;2;0
chr2;2404;2418;0;0;0;0;0
chr2;2500;2507;0;0;0;0;0
chr2;2533;2547;0;0;0;1;0
chr2;2606;2619;0;0;0;0;0
chr2;2804;2813;0;0;0;0;0
chr2;2909;2921;1;1;1;1;1
chr2;2921;2927;0;0;0;0;0
chr2;2927;2935;1;1;0;1;1
chr2;2939;2946;0;1;0;0;0
chr2;2946;2953;0;0;0;0;0
chr2;3026;3033;0;0;0;0;0
chr2;3115;3122;0;0;2;0;0
chr2;3637;3647;0;1;0;0;0
chr2;3718;3733;0;0;0;0;0
chr2;4081;4092;2;1;0;0;0
chr2;4137;4144;0;0;2;2;0
chr3;151;159;0;0;0;0;0
chr3;160;168;0;0;0;0;0
chr3;170;178;0;0;0;0;0
chr3;179;185;0;0;0;0;0
chr3;253;262;0;0;1;0;0
chr3;370;374;0;0;0;0;0
chr3;409;417;0;0;0;0;0
chr3;410;422;0;0;0;0;0
chr3;434;438;0;0;0;0;0
chr3;445;451;0;0;2;0;0
chr3;445;457;0;0;0;0;0
chr3;451;458;1;1;0;1;0
chr3;458;468;0;0;0;0;0
chr3;469;475;0;0;0;0;0
chr3;468;481;0;0;0;0;0
chr3;481;490;0;0;2;0;2
chr3;556;571;0;0;0;0;0
chr3;580;588;1;0;0;1;1
chr3;672;680;0;0;0;0;0
chr3;702;712;0;0;0;0;0
chr3;716;724;0;0;1;0;0
chr3;712;723;0;0;0;0;0
chr3;916;925;0;2;3;1;3
chr3;928;939;0;1;1;0;0
chr3;924;939;1;1;1;1;1
chr3;955;962;0;0;0;0;0
chr3;962;970;0;0;0;0;0
chr3;979;990;1;1;1;1;1
chr3;1118;1124;0;0;0;0;0
chr3;1125;1132;0;0;0;0;0
chr3;1170;1178;0;0;2;0;0
chr3;1399;1409;0;0;0;3;0
chr3;1447;1457;0;0;0;0;0
chr3;1509;1521;0;1;0;1;1
chr3;1603;1610;0;2;0;0;0
chr3;1854;1859;1;1;1;1;1
chr3;1918;1927;0;1;0;0;0
chr3;2024;2033;1;0;0;0;0
chr3;2046;2056;0;2;2;2;2
chr3;2060;2072;0;2;2;0;2
chr3;2072;2079;0;0;0;0;0
chr3;2092;2096;0;0;0;0;0
chr3;2098;2107;0;0;0;0;0
chr3;2097;2111;0;1;0;0;0
chr3;2113;2120;0;2;0;2;0
chr3;2160;2169;0;0;0;0;0
chr3;2179;2191;2;2;2;2;2
chr3;2208;2217;0;1;0;0;1
chr3;2319;2329;0;2;2;2;2
chr3;2331;2338;0;1;1;1;1
chr3;2338;2346;1;1;1;1;1
chr3;2397;2404;0;0;0;0;0
chr3;2413;2419;1;1;1;1;1
chr3;2419;2436;0;0;0;0;0
chr3;2437;2445;0;0;0;0;0
chr3;2445;2452;1;1;1;1;1
chr3;2466;2475;2;2;2;2;2
chr3;2475;2481;0;0;0;0;0
chr3;2497;2506;0;0;0;0;0
chr3;2542;2550;0;1;1;1;1
chr3;2562;2575;0;2;0;2;0
chr3;2710;2721;2;2;2;2;2
chr3;2729;2739;2;2;3;2;2
chr3;2750;2757;0;0;0;0;0
chr3;2900;2907;0;0;0;0;0
chr3;2935;2944;0;2;1;2;1
chr3;3117;3129;2;3;1;0;2
chr4;40;50;0;0;0;0;0
chr4;54;60;0;0;1;0;0
chr4;203;213;0;0;0;0;0
chr4;216;222;0;0;0;0;0
chr4;233;242;0;1;3;1;2
chr4;284;290;0;1;1;1;1
chr4;754;765;0;0;0;0;0
chr4;770;776;1;1;1;1;1
chr4;776;781;0;0;1;0;0
chr4;786;793;0;2;2;2;2
chr4;782;794;0;0;0;0;0
chr4;845;860;0;0;2;2;0
chr4;933;938;0;0;0;0;0
chr4;945;949;0;0;0;0;0
chr4;940;951;0;0;0;0;0
chr4;956;965;1;1;1;1;1
chr4;990;999;2;2;2;2;2
chr4;1004;1015;1;0;0;1;0
chr4;1135;1152;0;0;0;0;0
chr4;1191;1198;0;0;0;0;0
chr4;1185;1198;0;0;1;1;0
chr4;1199;1206;0;0;0;2;0
chr4;1229;1235;0;0;0;0;0
chr4;1222;1234;0;0;0;1;0
chr4;1250;1258;1;1;0;0;1
chr4;1340;1351;1;1;1;1;1
chr4;1367;1376;0;0;0;0;0
chr4;1376;1385;0;2;2;0;2
chr4;1390;1401;1;1;1;1;1
chr4;1385;1390;0;2;0;0;0
chr4;1554;1567;1;1;0;1;0
chr4;1568;1578;0;0;0;0;0
chr4;1592;1601;0;0;0;0;0
chr4;1588;1601;0;0;0;0;0
chr4;1650;1658;0;0;0;0;0
chr4;1686;1695;0;2;2;2;2
chr4;1698;1709;0;1;0;0;0
chr4;1712;1717;0;0;0;1;0
chr4;1718;1726;2;2;0;0;0
chr4;1733;1739;0;1;0;0;0
chr4;1726;1740;0;0;0;1;0
chr4;1986;1992;0;0;1;0;0
chr4;2048;2054;0;0;0;0;0
chr4;2143;2152;1;0;0;0;0
chr4;2229;2240;0;1;1;1;1
chr4;2367;2374;0;0;0;0;0
chr4;2382;2393;0;0;0;2;0
chr4;2473;2483;0;3;1;2;2
chr4;2628;2636;0;0;0;0;0
chr4;2704;2711;1;1;1;1;1
chr5;21;31;0;0;0;2;0
chr5;31;40;0;0;1;0;0
chr5;81;91;0;0;1;0;0
chr5;96;104;1;1;1;1;1
chr5;105;118;2;2;2;2;2
chr5;177;184;0;0;0;1;0
chr5;258;270;0;0;0;0;0
chr5;312;321;0;0;0;0;0
chr5;337;349;0;0;0;0;0
chr5;326;336;2;0;3;2;2
chr5;361;368;0;0;0;0;0
chr5;380;391;0;2;2;0;2
chr5;391;401;0;0;0;0;0
chr5;402;409;0;0;0;0;0
chr5;401;414;0;2;0;2;2
chr5;424;431;0;0;0;0;0
chr5;565;578;0;2;0;0;0
chr5;578;589;0;1;1;1;1
chr5;594;602;0;0;0;1;0
chr5;599;606;0;0;0;0;2
chr5;653;659;0;0;0;0;0
chr5;659;668;1;3;3;3;1
chr5;667;673;0;0;0;1;0
chr5;659;673;1;1;1;1;1
chr5;727;737;0;0;0;0;0
chr5;737;753;1;1;1;0;0
chr5;776;782;0;0;0;0;0
chr5;772;782;0;0;0;1;0
chr5;777;788;0;0;0;0;0
chr5;786;795;0;0;0;0;0
chr5;819;825;0;0;0;0;0
chr5;843;854;0;0;0;0;0
chr5;977;984;0;0;1;0;0
chr5;984;997;0;2;0;2;0
chr5;1001;1012;2;0;2;2;2
chr5;997;1012;2;2;2;2;2
chr5;1012;1025;0;0;0;0;0
chr5;1042;1048;0;0;0;0;0
chr5;1057;1070;0;0;0;0;0
chr5;1189;1202;0;2;0;2;2
chr5;1210;1220;1;1;1;1;1
chr5;1229;1238;0;2;2;2;2
chr5;1339;1344;0;0;0;0;0
chr5;1345;1354;0;0;0;0;0
chr5;1421;1431;0;0;0;0;0
chr5;1463;1472;0;0;2;1;0
chr5;1483;1491;0;2;2;2;2
chr5;1491;1502;0;0;0;0;0
chr5;1476;1483;2;3;3;2;3
chr5;1664;1674;0;0;0;2;0
chr5;1690;1704;0;0;0;1;0
chr5;1705;1711;0;2;0;2;0
chr5;1718;1726;0;1;0;0;0
chr5;1726;1735;0;0;0;0;0
chr5;1734;1749;1;3;1;1;1
chr5;1855;1862;0;0;0;0;0
chr5;1947;1958;0;0;0;0;0
chr5;2357;2365;0;0;0;0;0
chr5;2372;2380;3;3;3;3;3
chr5;2422;2428;0;0;0;0;0
chr5;2430;2441;0;0;0;0;0
chr5;2499;2508;0;0;0;0;0
chr5;2509;2516;0;0;0;0;0
chr5;2517;2526;0;0;0;0;0
chr5;2528;2537;1;0;0;2;0
chr6;51;59;3;0;2;0;0
chr6;34;45;2;2;2;2;2
chr6;127;136;0;2;0;0;0
chr6;137;148;0;0;0;0;0
chr6;221;231;2;2;2;2;2
chr6;382;388;1;1;1;1;1
chr6;389;402;0;0;2;0;0
chr6;464;473;0;1;0;0;0
chr6;477;485;0;0;0;0;0
chr6;485;496;1;0;0;0;0
chr6;515;524;0;2;0;0;2
chr6;640;648;0;0;0;0;0
chr6;818;832;1;1;1;1;1
chr6;833;840;0;1;0;1;1
chr6;902;917;2;0;0;0;0
chr6;926;934;1;0;1;1;0
chr6;1074;1082;0;0;0;0;0
chr6;1088;1100;0;0;0;0;0
chr6;1110;1118;0;0;0;1;0
chr6;1134;1143;0;2;2;2;2
chr6;1333;1344;0;0;2;2;0
chr6;1327;1344;0;0;3;0;0
chr6;1349;1358;0;2;0;0;0
chr6;1503;1513;2;2;3;3;3
chr6;1512;1522;0;0;0;0;0
